{"traits":{"analytical":0.9800000000000004,"creative":0.5,"empathic":0.7400000000000002,"curious":1.0,"concise":0.8000000000000003,"detailed":0.5},"dominant":"curious"}